In which unit do we measure self-induction?,Henry,Siemens,Volts / second,Ohm
If we put a number of identical coils in series - which do not interact - will the narrowed reactance remain?,The sum of the reactances of the coils,Same as for one of the coils,The mean value of the coil reactances,The parallel coupling of the coil reactances
What do we call the relationship between collector current and base current, for a transistor?,Current gain,The emitter current,The voltage gain,Base-collector resistance
What is a squelch circuit used for in a receiver?,Closes the LF signal when no signal is received,Used in CW modulation so that the tone is clean,Makes a frequency compensation for PM modulated signals,Adjusts the LF signal so that the speaker volume is constant
What is the physical length of a 1/4 wave 145 MHz GP mobile antenna?,0.49 meters,1.96 meters,0.98 meters,0.73 meters
In what layer of the atmosphere do most VHF and UHF waves propagate?,The troposphere,The F-layer of the ionosphere,The stratosphere,Tropopause
Which of the following conditions may contribute to DX on VHF / UHF. Ie long-distance spread over the horizon?,That it e high pressure,That there are bright nights,That it has been raining for a long time,That it is full moon
What does it mean - when you say - that the received signal "falls out"?,The signal can no longer be received,The modulation of the signal is distorted,The modulation of the signal has disappeared,The signal has moved in frequency
What could be the reason - that we measure 13.4 V voltage on an external power supply to a transceiver - when the transmitter is keyed - but only measure 12.7 V at the station?,There are losses in the leads,The instrument does not show rms value,There is internal resistance in the power supply,A protection diode is built into the power supply
By identifying the amateur radio station,you must give up your call sign at regular intervals,you must use your hub as identification,you may use a call sign - you have not been assigned,is allowed to send without giving up its call sign
What information should appear on one's log?,Date - time - type of modulation - frequency and call sign on it - you have spoken to,Date - time and name of the person you spoke to,Date and time of a connection,Modulation type and call sign for a connection
What do we call the number of periods per. second of an AC signal?,The frequency in hertz,Signal repetition time,Hertz wavelength,The sine expression of the signal
A dipole antenna - which is placed vertically - radiates an electric and a magnetic field. What do we call that direction - which the radiated electric field has?,Antenna polarization,The directional effect of the antenna,Wave propagation of the antenna,Earthwave direction
In modern electronics, capacitance diodes (vericap) are often used for tuning resonant circuits. What is it - which primarily determines the capacity?,The voltage in the blocking direction,The temperature coefficient,The current through the diode,The tension in the direction of conduction
A frequency modulated transmitter modulated with 1 kHz has an HF bandwidth of 15 kHz. It means:,That the transmitter "fills" 15 kHz on the frequency band,That the transmitter's power varies by 15 kHz,That the transmitter frequency oscillation is 1 kHz,That the transmitter is dialed 15,000 times per second
Where in a transmitter circuit will we often find a crystal filter applied?,In an SSB modulator,In the modulation for PM modulation,As a filter for the oscillator,As a filter in the ALC circuit
An amateur - who lives near a windmill - is severely bothered by fading on UHF. How can that be?,That length of the blades of the wind turbine is in resonance at the UHF frequency,That the wind turbine emits noise,That the wings are moving,That signals from the transmitter are too weak
At what altitude is the E-layer of the ionosphere?,Approx. 110-115 km,Approx. 60-92 km,Approx. 200-400 km,Approx. 150-200 km
For what purpose is a dummy load used?,To load the transmitter during testing instead of an antenna,To prevent standing waves on the antenna cable,To avoid overmodulation,In order not to overload the transmitter's power supply
A 145 MHz amateur station disturbs a TV receiver in band IV V (470-862). The interference occurs when irradiating the antenna input of the TV tuner. What type of filter will be able to remedy the disturbances?,A low-pass filter after the transmitter,A high-pass filter after the transmitter,A filter in the TV's power cord,A low-pass filter in the TV's antenna connection
If a TV receiver is blocked due to a strong HF field - can it then manifest itself in any other way than degraded picture quality?,Yes - the sound may fade or disappear,Yes - with increased power consumption,No - the disturbance first manifests itself as poor image quality,Yes - unwanted stations can be received
What is the reason - that an amateur transmitter is not allowed to transmit "Hi-Fi sound quality" (with em LF bandwidth of 15 kHz and a frequency swing of 75 kHz) of 145 MHz?,Because the spectral width of the transmitter becomes greater than allowed,Because there will be disturbances on harmonic frequencies,Because an amateur radio station is not allowed to broadcast on 145 MHz,Because 145 MHz is a repeater frequency
How is the emergency signal in telephony structured?,It consists of literally MAYDAY,It consists of literally MAYMAY,It consists of literally HELP,It consists of the orders Save Our Souls
When the current - which runs in a wire - does not change direction - do we call it?,Direct current,Immovable power,Alternating current,Timeless power
What causes the voltage drop in a conductor - where they run a constant current?,That there is resistance in the leader,That the leaders are too long,That the resistance in the leader is negative,That the conductor is rolled up in a coil
Why is a material such as mica - paper - plastic or ceramic often used as insulation between the capacitor charges in a capacitor?,To increase the capacity of the capacitor,To reduce the ionization voltage of the capacitor,To reverse the polarity of the capacitor,to increase the capacity of the capacitor
If we put a number of identical coils in series - which do not interact - will the total reactance be?,The sum of the reactances of the coils,The parallel coupling of the coil reactances,The mean value of the coil reactances,The same as for a single of the coils
A filter is built - so that all frequencies below 10 kHz and all above 20 kHz are attenuated - whereas frequencies between 10-20 kHz are transmitted almost un attenuated. What is this type of filter called?,Tape pass,Band stop,Low-pass,Nortch
How long is the dipole in a Yagi-Uda antenna in the band 1240-1300 MHz?,Approx. 12 cm,Approx. 23 cm,Approx., 300 cm,Approx. 9 cm
From the top of a flagpole an antenna wire of approx. 10 meters. The antenna is in resonance on the 20 meter band and aligned at the end with a tuned parallel circuit. With a socket on the coil, it is adapted to a 50 ohm feeder. What is this antenna called?,Endpoint-fed half-wave dipole,A parasitic antenna,Dipole with blocking circuit,Central-born half-wave dipole
How does the electric field strength of a radio signal change - when the distance to the transmitting antenna increases?,The electric field strength decreases,The electric field strength takes over the magnetic field,The electric field strength does not change,The electric field strength increases
Which property is important for an ultimeter - when DC voltage is to be measured across a resistor in an electrical circuit,The internal resistance of the multimeter must be significantly greater than the resistance value of that resistance - you measure,The multimeter must be digital,The resistance of multimeters inside must be significantly less than the resistance value of the opposite sand - you measure,The multimeter must have a high cut-off frequency
A radio amateur near your amateur station is disturbed at 70 cm - when you broadcast on the 2 meter band. What is the most likely cause?,That your transmitter has too much content of 3rd harmonic signals,That your transmitter has poor sideband suppression,A your transmitter emits parasitic oscillations,A your transmitter emits subharmonic signals
Interference with a TV tuner from an amateur transmitter appears to be due to the direct DC connection between the TV tuner and its antenna cable. How to disconnect the DC connection to the TV tuner without losing the TV signal from the antenna cable?,By inserting a 1: 1 ferrite isolating transformer into the antenna cable,By inserting a capacitor into the antenna cable shield,By inserting a condenser into the inner conductor of the antenna cable,By connecting the antenna cable shield to ground
Which of the following bands is not assigned to the Amateur Radio Service?,21450-24890 kHz,28000-29700 kHz,10100-10150 kHz,135.7-137.8 kHz
What is the purpose of the phonetic alphabet?,To achieve a secure recognition of letters,To hear the broadcasts long enough,That radio amateurs can exchange codes,To make communication sound professional
What is a material called - which can not conduct electricity?,An insulator,A plastic,A semiconductor,An electrolyte
A dipole antenna emits radio waves - where the electric field has a specific direction. What property describes the direction of the electric field?,The polarization,The multiplicity,The circulation,The rotation field
The capacity of a capacitor with air insulation depends on?,Both the area of ​​the plates and the plate distance,The distance between the plates,The voltage across the capacitor,Plate area alone
An air capacitor is changed - so that the plate area is doubled. What happens to the capacity?,The capacity lives larger,The capacity does not change,You can not say anything about that,The capacity will be smaller
What is an S-meter on a receiver used for?,To display the strength of the received signal,To read the "R" report amateur sends to each other,To determine the frequency accuracy,To determine the modulation quality of a station
In which modulation form is a limiter stage used in a receiver's intermediate frequency amplifier?,FM,AM,CW,SSB
What is a characteristic of a folded half-wave dipole?,It has a food impedance - it is about fie times as high as a center-born half-wave dipole,It can only be used for horizontally polarized signals close to the earth's surface,It can only be used as a food element in a satellite dish,It has a larger gain than a center-born half-wave dipole
How does the electric field strength of a radio signal change - when the distance to the transmitting antenna increases?,The electric field strength decreases,The electric field strength increases,The electric field strength takes over the magnetic field,The electric field strength does not change
A 50 MHz transmitter interferes with the FM radio band (3.5-108 MHz). What can this be due to?,That the 50 MHz transmitter emits harmonics,That the 50 MHz converter is crystal controlled,Meteorological high pressure,That the 50 MHz transmitter antenna is vertically polarized
What problems can parasite fluctuations in a transmitter cause?,Freezing disturbances in other radio equipment,That the characteristic impedance of the antenna cable changes,That the microphone picks up unintentional sounds,Oscillations on the outside of the antenna
A radio amateur with certificate B must use the tape:,144-146 MHz,144-146 GHz,144-146 kHz,144-46 Hz
What does it mean - when we phonetically use the words "Golf" and "India"?,You want to pronounce the letters "G" and "I" clearly,You want to show - that you want international communication,You want to tell - that you want to continue the conversation in English,Refer to a special radiator fan code
In which unit do we measure electrical voltage?,Voltage,Ohm,Ampere,Coulomb
What are the substances called - which on the one hand conduct electricity poorly - but on the other hand can not be described as insulators?,Semiconductors,Electrolytes,Resistance materials,Wiring materials
In modern electronics, capacitance diodes (varicap) are often used for tuning resonant circuits. What is it - which primarily determines the capacity?,The voltage in the blocking direction,The temperature coefficient,The current through the diode,The tension in the direction of conduction
For use in a power supply, two identical transformers - each with primary voltage 230 volts and secondary voltage 24 volts - are available. Can the secondary voltage of the two transformers be connected in series - so that a secondary voltage of 48 volts is achieved?,Yes - but only if the secondary windings are connected with the correct phase,Yes - but only if the two transformers are of the same make,No,Yes - but only if a small resistor is inserted into the primary side of one transformer
How does the electric field strength of a radio signal change - as the distance to the transmitting antenna increases?,The electric field strength decreases,The electric field strength increases,The electric field strength does not change,The electric field strength takes over the magnetic fields
Which of the ionized layers of the ionosphere will be able to reflect signals with a frequency of approx. 14 Mhz?,The F2 team,The D-team,The e-team,The F4 team
What measurements is a reflectometer bridge (SWR meter) used for?,Measurement of standing wave conditions on the antenna supply line,Measuring the linearity of a transmitter,Examination of the harmonic frequencies of the transmitter,Measurement of the frequency range of an FM transmitter
How is it checked - that the transmitter is working within the permitted frequency bands?,By using a frequency counter,The frequency is measured with an ohmmeter,By measuring the peak voltage of the transmitter (p.e.p.),The frequency is measured with a dummy load
Why insert a low-pass filter between the transmitter's antenna connection and the antenna system?,To attenuate harmonic signals,To avoid blockage,To achieve the best possible antenna fit,To attenuate the transmitter sideband
How is radiation from a transmitter in a music system's LF amplifier remedied?,By inserting small capacitors between emitter and bsis on the transistors of the LF amplifier,By inserting an LF transformer into the power cord close to the music system,By inserting a large capacitor over the wires in the socket on the wall,By inserting attenuation resistors in the mains lead to the music system
What is the maximum permissible transmission power in the frequency bands of the 69-71 MHz frequency band for category B certificates?,25 W,10 W,100 W,50 W
Which of the following call signal series does the National Board of Health and Welfare issue, among other things? call signals in?,OU,DK,AS,ON
Which device is normally used - when we want to inform about the power consumption of an electrical appliance?,Watt,Voltage,Joule,Ampere
How does the voltage vary across a resistor - which is traversed by a constant direct current?,The voltage does not vary,The tension changes spontaneously,The voltage is charge dependent,The voltage pulsates
Which letter is used to denote the device for self-induction?,The letter H,The letter A,The letter Q,The letter L
An oscillation circuit tuned to 7 MHz has a goodness of 70. How large is the 43 dB bandwidth of the oscillation circuit?,100 kHz,1 MHz,10 kHz,1 kHz
What is meant by the term AGC?,Automatic adjustment of the gain,Automatic bandwidth adjustment,Automatic switching between AM and FM,Automatic frequency control
A 2-meter station is connected to a linear broadband PA stage. What requirements must we set for the step's HF bandwidth - if it is to work sensibly on the entire 2-meter band?,Minimum 2 MHz,Minimum 1 MHz,Minimum 5 kHz,Twice 5 kHz
When the prevalence of VHF/UHF extends far beyond the horizon - it is often due to:,That it is high pressure,That it is full moon,That good radios are used,That it is blowing from the northwest
Which of the ionized layers of the ionosphere will be able to reflect signals at a frequency of approx. 14 MHz?,The F2 team,The e-team,The D-team,The F4 team
How can the peak power (p.e.p.) of a transmitter be measured?,With an oscoloscope and a dummy load,With an HF voltmeter,With an absorption frequency meter,With an FM modulation meter
What problems can parasite fluctuations in a transmitter cause?,Interference with other radio equipment,Oscillations on the outside of the antenna,That the characteristic impedance of the antenna cable changes,That the microphone picks up extraneous sounds
What is meant by the term "direct radiation in an apparatus" in a disturbing context?,That the irradiation takes place directly in the device's wiring - print paths etc.,That the device is set directly to the transmission frequency,That the radiation enters via the antenna cable,That the radiation enters via the mains cable
A radio amateur with a category B certificate may use the tape,144-146 MHz,144-146 GHz,144-146 kHz,144-146 Hz
Which of the following call signal series does the National Board of Health and Welfare issue, among other things? call signals in?,OU,DK,AS,ON
A dipole antenna emits radio waves - where the electric field has a specific direction. What property describes the direction of the electric field?,The polarization,The circularization,The multiplicity,The rotation field
What is meant by "number of periods per second" for a periodic alternating voltage?,The frequency,The curve course,The wavelength,Period time
A coil has a self-induction of 100 mH. How big is its reactance X at a frequency of 1000 Hz?,Approx. 628 ohms,Approx. 1 ohm,Approx. 159 ohms,Approx. 200 ohms
What is meant by the blocking voltage of a diode - which is used as a rectifier in a power supply?,The maximum voltage - to which the diode must be exposed in the blocking direction,The diode only blocks the current - if the voltage exceeds this value,The power value of the AC voltage - at which the dio works best,The maximum voltage - to which the diode must be exposed in the conductor direction
Which filter should be placed at the output of a transmitter to avoid unwanted radiation of harmonics?,A low pass filter,A high-pass filter,A band stop filter,A net filter
A non-resonant antenna is very short in relation to the wavelength. What is its reactance?,Capacitive,Pure ohm,As for a tuned dipole,Inductive
What is fading?,Signal strength variations due to changes in propagation conditions,Strong frequency variations due to changes in the distribution conditions,The modulation frequency changes due to changes in the propagation conditions,The signal periodically changes modulation from AM to FM due to changes in the propagation conditions
Why is it that UHF and VHF connections can sometimes be experienced over long distances at sunrise?,That the sun warms the upper part of the troposphere,That the sun evaporates water from the earth's surface,That the ship distance is abolished,That there is an ionization of the troposphere
A transmitter can emit unwanted signals - including harmonic radiation. What can this kind of radiation cause?,That the transmitter is interfering with other radio communications,t the transmitter cannot be heard at the desired frequency,That the transmitter modulation at the desired frequency is greatly distorted,That the output impedance of the transmitter becomes reactive
A music system is disturbed by a high frequency signal - which is picked up by the speaker wires. How can this be remedied?,High-frequency filters are inserted in the speaker cords close to the music system,The speakers are replaced by horn-type speakers,The treble control of the music system is turned down,The music system is equipped with a mains filter
The definition of the amateur (radio) service can be found in section 1.56 of the International Radio Regulations. The definition states - that the purpose of the service i.a. is -,to carry out technical investigations,to disseminate the information,to conduct private telecommunications conversations via radio,to perform emergency radio communication
Which of the following call signal series does the National Board of Health and Welfare issue, among other things? call signals in?,OU,DK,AS,ON
Which device is normally used - when we want to inform about the power consumption of an electrical appliance?,Watt,Voltage,Joule,Ampere
We have a 12 V power supply - but need a stable voltage of approx. 5 V The load can vary - but is only a few mA. Which semiconductor component would be natural to use?,And zener diode,a capacitance diode (viricap),2 or 3 LEDs connected in series,A diode voltage divider
What is the purpose of a Pi filter in a transmitter output?,It removes harmonic frequencies from the transmission signal,To balance the modulation,It increases the range,It improves the modulation
A signal from a transmitter on the frequency 28.2 MHz is desired to be mixed with a signal on a fixed frequency - so that the output signal becomes 144.2 MHz. What frequency can the signal on the fixed frequency have?,116.0 MHz,100.0 MHz,146 MHz,96.0 MHz
What function does a mixer have?,It composes two signals - so that new signals arise at preferably the sum and difference frequencies of the original signals.,It composes two signals - so that new signals appear on the negative frequencies of the two original signals.,It combines two signals - so that new signals appear on the mirror sequences of the original signals.,It composes two signals - so that new signals appear on the exchanged frequencies of the original signals.
Which of the following conditions can contribute to long-range propagation over the horizon on VHF/UHF?,That it is high pressure,That it is bright nights,That there is a full moon,That dt has been raining for a long time
How does the electric field power of a freely distributed radio signal change - when the distance to the transmitting antenna increases?,The electric field strength decreases,The electric field strength takes over the magnetic field,The electric field strength does not change,The electric field strength increases
What is an absorption meter used for?,To measure the frequency of a transmitter output signal,To absorb noise in the receiver,To absorb the modulation,To absorb unwanted signals
For what purpose is a dummy load used?,To load the transmitter without testing instead of an antenna,To avoid overmodulation,To prevent standing waves on the antenna cable,In order not to overload the transmitter's power supply
A 145 MHz amateur transmitter interferes with a TV receiver in the UFH band (470-862 MHz). The interference occurs when irradiating via the antenna input of the TV receiver. What type of filter will be able to remedy the disturbances?,A low-pass filter after the transmitter,A low-pass filter in the TV antenna cable,A high-pass filter after the transmitter,A filter in the TV power cord
The neighbor of a radio amateur hears sounds from the speakers of his stereo system despite the fact that the sound has been turned down completely. What can cause these sounds?,Radiation from the maturing radio transmitter is picked up by the speaker wires,The stereo system uses pressure chamber speakers,The stereo system is not equipped with a pilot tone filter,There are switches on the left and right speaker cords in the stereo system
What is the purpose of the phonetic alphabet?,To achieve a secure recognition of letters,That radio amateurs can exchange codes,To make the broadcasts tlpas long,To make the communication sound professional
What is the approximate wavelength for frequency bands 144-146 MHz?,2 meters,15 meters,4 meters,80 meters
An FM transmitter emits an average output power of 10 watts - when it transmits. What is the peak power (p.e.p.) of the transmitter?,10 watts,40 watts,20 watts,Approx. 14 watts
Why is a material such as e.g. mica - plastic or ceramic as insulation between the capacitor plates in a capacitor?,To increase the capacity of the capacitor,To reduce the ionization voltage of the capacitor,To reduce the capacitance of the capacitor,To reverse the polarity of the capacitor
What letter do we use for the Farad device?,F,C,H,V
What is an S-meter on a receiver used for?,To display the strength of the received signal,To determine the accuracy of the frequency,To determine the modulation quality of a station,To read the "R" report amateurs send to each other
An end-fed half-wave antenna has at its resonant frequency:,A very high impedance,An impedance of 12.5 ohms,A very low impedance,An impedance of 35 ohms
What is a characteristic of a folded half-wave dipole?,It has a food impedance - which is about four times as high as a center-born half-wave dipole,It can only be used for horizontally polarized signals close to the earth's surface,It can only be used as a food element in a satellite dish,It has a larger gain than a center-born half-wave dipole
Why is it that UHF and VHF connections can sometimes be experienced over long distances at sunrise?,That the sun warms the upper part of the troposphere,That the sun evaporates water from the earth's surface,That the ship distance is abolished,That there is an ionization of the troposphere
How does the electric field power of a freely distributed radio signal change - when the distance to the transmitting antenna increases?,The electric field strength decreases,The electric field strength takes over the magnetic field,The electric field strength does not change,The electric field strength increases
How can the peak power (p.e.p.) of a transmitter be measured?,With an oscilloscope and a dummy load,With an HF measuring bridge,With an FM modulation meter,With an absorption meter
Which measuring instrument can be used to measure the frequency of a radio signal?,An absorption meter,An HF ammeter,A DC voltmeter,A standwave meter
What can strong unwanted signals on a receiver's input cause?,Blockage or decreased sensitivity,Frequency operation in the intermediate frequency amplifier,Parasite oscillations in the oscillator,Reduced mirror frequency attenuation
How is radiation from a transmitter in a music-readable LF amplifier remedied?,By inserting small capacitors between emitter and bsis on the transistors of the LF amplifier,By inserting a large capacitor over the wires in the socket on the wall,By inserting attenuation resistors in the power cord of the music system,By inserting an LF transformer into the power cord close to the music system
The definition of the amateur (radio) service can be found in section 1.56 of the International Radio Regulations. The definition states - that the purpose of the service i.a. is -,to carry out technical investigations,to disseminate the information,to conduct private telecommunications conversations via radio,to perform emergency radio communication
What is the reason - that an amateur transmitter is not allowed to transmit "Hi-Fi sound quality" (with em LF bandwidth of 15 kHz and a frequency swing of 75 kHz) of 145 MHz?,Because the spectral width of the transmitter becomes greater than allowed,Because there will be disturbances on harmonic frequencies,Because an amateur radio station is not allowed to broadcast on 145 MHz,Because 145 MHz is a repeater frequency
What is the reason - that we measure less "clamping voltage" than the electromotive force on an ideal battery - which is connected to an external ohmic load?,That the battery has an internal resistance,The measuring instrument measures incorrectly,The battery gets hot,That the electromotive force changes
A battery has an electromotive force (EMK) of 3 volts and an internal resistance of 1 ohm. How much power will there be - if the battery is short-circuited?,3 A,10 A,1/3 A,1 A
The rectifier diode is heated by the current that passes through them. What is the cause of this warming?,That the diode has a voltage drop in the conduction direction,That the blocking capacity of the diode follows the mains voltage,The heating was mainly due to the shut-off current,That the diode shuts off the power half the time
A coaxial circuit has an unloaded Q = 1000 at the frequency 144 MHz. When the circuit is loaded (impedance adjusted), Q drops by half. How big is the loaded bandwidth approx. by the impedance matching?,288 kHz,576 kHz,144 kHz,72 kHz
How best to amplify the transmitted signal from a 3 element 2-meter Yagi-Uda antenna in the direction with the greatest radiation?,By mounting several antenna elements on the antenna,By increasing the length of the dipole,By changing the distance to the reflector,By increasing the thickness of the dipole
Which type of antenna has a feed impedance of approx. 36 ohms?,A quarter-wave vertical ground plane (GP) antenna,A center-born half-wave dipole,A folded half-wave dipole,An endpoint-fed half-wave antenna
Why is it that UHF and VHF connections can sometimes be experienced over long distances at sunrise?,That the sun warms the upper part of the troposphere,That the sun evaporates water from the earth's surface,That the ship distance is abolished,That there is an ionization of the troposphere
How does the electric field power of a freely distributed radio signal change - when the distance to the transmitting antenna increases?,The electric field strength decreases,The electric field strength takes over the magnetic field,The electric field strength does not change,The electric field strength increases
Standing wave conditions are measured with:,Reflectorometer bridge,Dummy load,Frequency counter,Diving meter
How is it checked - that the transmitter is working within the permitted frequency bands?,By using a frequency counter,By measuring the peak power of the transmitter (p.e.p.),The frequency is measured with an ohmmeter,The frequency is measured with a dummy load
A radio amateur near your amateur station is disturbed at 70 cm - when you broadcast on the 2 meter band. What is the most likely cause?,That your transmitter has a large content of 3rd harmonic signals,That your transmitter emits subhrmonic signals,That your transmitter has poor sideband suppression,That your transmitter emits parasitic oscillations
What is meant by the term "direct radiation in an apparatus" in a disturbing context?,That the irradiation takes place directly in the device's wiring - print paths etc.,That the device is set directly to the transmission frequency,That the radiation enters via the antenna cable,That the radiation enters via the mains cable
Which of the following call signal series does the National Board of Health and Welfare issue, among other things? call signals in?,OU,DK,AS,ON
What is the name "F" in the phonetic alphabet?,Foxtrot,Finland,Fono,Frequency
With a 1000 W telegraph transmitter, we send the test word PARIS. The ratio between signal and stay is approx. 22/26. What is Peak Evelope Power (p.e.p.) approx?,1000 W,250 W,500 W,4000 W
Capacity diodes (varicap) are often used to tune reason circuits. What primarily determines the capacity?,The voltage in the blocking direction,The current through the diode,The temperature coefficient,The tension in the direction of conduction
What can a mixer be used for in a transmitter?,As part of the SSB modulation,As part of the transmitter output filter,For stabilizing a buffer step,For automatic crystal balance setting
How long is the dipole in a Yagi-Uda antenna in the band 1240-1300 MHz?,Approx. 12 cm,Approx. 9 cm,About 23 cm.,Approx. 300 cm
What is the current at the endpoints of a center-fed half-wave dipole connected to a 100 W transmitter approx?,0 A,1.14 A,0.71 A,2 A
At what altitude is the E-layer of the ionosphere?,Approx. 100-115 km,Approx. 150-200 km,Approx. 200-400 km,Approx. 60-92 km
Which of the ionized layers of the ionosphere will be able to reflect signals with a frequency of approx. 14 Mhz?,The F2 team,The D-team,The e-team,The F4 team
Which measuring instrument can be used to measure the frequency of a radio signal?,An absorption meter,A standwave meter,An HF ammeter,A DC voltmeter
A VHF A 2 meter amateur FM transmitter degrades the sensitivity of a nearby television receiver. The problem is greatest - when the transmitting antenna points towards the antenna of the t-receiver. What could the explanation be?
That the high field strength from the amateur transmitter blocks the input of the TV receiver
That the transmitter is phase modulated (PM)
That the TV receiver's antenna is not properly polarized
That this is intermodulationtransmitter - which does not transmit unwanted signals - interferes with a TV receiver on all channels. This may be due to:,The transmitter provides high field strength at the TV receiver (blocking),The transmitter draws too much power from its power supply,The transmitter is too heavily modulated,The transmitter microphone is broken
Frost control of a TV receiver from an amateur transmitter appears to be due to the direct DC connection between the TV receiver and its cable. How to disconnect the DC connection to the TV tuner without losing the TV signal from the antenna cable?,By inserting a 1: 1 ferrite isolating transformer into the antenna cable,By connecting the antenna cable shield to ground,By inserting an echo capacitor into the antenna cable shield,By inserting a capacitor into the inner conductor of the antenna cable
Which of the following boat is assigned to the amateur radio service:,21450-24890 kHz,10100-10150 kHz,28000-29700 kHz,135.7-137.8 kHz
What is the maximum permissible transmission power in the frequency bands of the 69-71 MHz frequency band for category B certificates?,25 W,10 W,100 W,50 W
A radio amateur has two transmitters - a UHF and a VHF transmitter. From which of the two transmitters' antennas do the radio waves propagate fastest?,The radio waves from the two transmitting antennas propagate equally fast,You can not say anything general about that,The radio waves from the UHF transmitting antenna propagate the fastest,The radio waves from the VHF transmitting antenna propagate the fastest
What letter do we use to denote the device for electric current?,A,F,V,C
The resistance of a leader depends on?,Physical properties of the joint,The tension over the leader,Whether the conductor is isolated or not,The power in the conductor
What is meant by the supply voltage of a diode - which is used as a rectifier in a power supply?,The maximum voltage - to which the diode must be exposed in the blocking direction,The power value for the AC voltage - at which the diode works best,The maximum voltage - to which the diode is exposed in the conduction direction,The diode only blocks the current - if the voltage exceeds this value
What is the first step in an amateur radio receiver called?,HF amplifier,MF amplifier,BFO,LF amplifier
With what polarization do the radio waves propagate from a freely placed quarter-wave vertical antenna (ground plane - GP)?,Vertical polarization,Cross-polarization,Circular polarization,Horizontal polarization
When the prevalence of VHF/UHF extends far beyond the horizon - it is often due to:,That it is high pressure,That it is full moon,That good radios are used,That it is blowing from the northwest
Which of the ionized layers of the ionosphere will be able to reflect signals with a frequency of approx. 14 Mhz?,The F2 team,The D-team,The e-team,The F4 team
What can be the cause of parasite fluctuations (self-pigs on frequencies other than the transmission frequency) in the output stage of a transmitter?,That there is an unwanted connection between input and output in the output stage of the transmitter,That the transmitter's output string is not built in a shielding cabinet,That the transmitter's output ring ground wire is inefficient or missing,That the LLF amplifier is affected by the eye frequency signal from the transmitter output stage
A music system is disturbed by a high frequency signal - which is picked up by the speaker wires. How can this be remedied?,High-frequency filters are inserted in the speaker cords close to the music system,The speakers are replaced by horn-type speakers,The treble control of the music system is turned down,The music system is equipped with a mains filter
Which of the following bands is not assigned to the Amateur Radio Service?,21450-24890 kHz,28000-29700 kHz,10100-10150 kHz,135.7-137.8 kHz
A radio amateur with a category B certificate may use the tape,144-146 MHz,144-146 GHz,144-146 kHz,144-146 Hz
What do we call the number of periods per. second of an AC signal?,The frequency in hertz,Signal repetition time,Hertz wavelength,The sine expression of the signal
An air capacitor is changed - so that the plate area is doubled. What happens to the capacity?,The capacity lives larger,The capacity does not change,You can not say anything about that,The capacity will be smaller
What is meant by the supply voltage of a diode - which is used as a rectifier in a power supply?,The maximum voltage - to which the diode must be exposed in the blocking direction,The power value for the AC voltage - at which the diode works best,The maximum voltage - to which the diode is exposed in the conduction direction,The diode only blocks the current - if the voltage exceeds this value
Which filter should be placed at the output of a transmitter to avoid unwanted radiation of harmonics?,A low pass filter,A high-pass filter,A band stop filter,A net filter
What function does a squelch circuit have?,It closes the low frequency signal - when no signal is received,It searches for a constant transmitting force,It increases the gain in the receiver at weak signals,It ensures a constant intermediate frequency
A measurement on a non-resonant antenna shows that the antenna's feed impedance is capacitive. What does it show about the antenna length?,It's too short,The antenna wire is too thick,It's too long,The antenna wire is too thin
A non-resonant antenna is very short in relation to the wavelength. What is its reactance?,Capacitive,Inductive,As for a tuned dipole,Pure ohmic
What is fading?,Signal strength variations due to changes in propagation conditions,Strong frequency variations due to changes in the distribution conditions,The modulation frequency changes due to changes in the propagation conditions,The signal periodically changes modulation from AM to FM due to changes in the propagation conditions
Which of the ionized layers of the ionosphere will be able to reflect signals with a frequency of approx. 14 Mhz?,The F2 team,The D-team,The e-team,The F4 team
How is it checked - that the transmitter is working within the permitted frequency bands?,By using a frequency counter,The frequency is measured with a stupid load,By measuring the peak power of the transmitter (p.e.p.),The frequency is measured with an ohmmeter
Which of the following conditions can cause very severe interference in a music system from an SSB modulated transmitter?,Music system consists of several devices connected by long wires,The music system is EMC-labeled - but not DK-labeled,The transmitter's antenna is located very far from the music system,The music system has a ring core transformer in the power supply
How is radiation from a transmitter in a music system's LF amplifier remedied?,By inserting small capacitors between emitter and bsis on the transistors of the LF amplifier,By inserting an LF transformer into the power cord close to the music system,By inserting a large capacitor over the wires in the socket on the wall,By inserting attenuation resistors in the mains lead to the music system
The literal "blot" spelled using the phonetic alphabet is:,bravo - lima - oscar - tango,bravo - lima - oscar - tibet,bravo - lima - oslo - tango,banko - lima - oslo - tango
What is the approximate wavelength for frequency bands 144-146 MHz?,2 meters,15 meters,4 meters,80 meters
Electromagnetic waves propagate at the speed of light in empty space. What is the speed of light in the empty space approx?,300,000 kilometers pr. sukund,300,000 meters pr. second,3000 kilometers pr. second,300 kilometers pr. second
With a 1000 W telegraph transmitter, we send the test word PARIS. The ratio between signal and stay is approx. 22/26. What is Peak Evelope Power (p.e.p.) approx?,1000 W,250 W,500 W,4000 W
What is the unit of measurement for self-induction?,Henry,Ohm,Gauss,Farad
What is meant by a transmitter transmitting sidebands?,That the transmission signal is not only found on a single frequency - but is spread over a frequency range,The transmitter emits strong harmonious radiation - which must be avoided,That the transmitter only transmits signals from the side of the antenna,That the transmitter only emits weak signals
From the top of a flagpole an antenna wire of approx. 10 meters. The antenna is in resonance on the 20 meter band and aligned at the end with a tuned parallel circuit. With a socket on the coil, it is adapted to a 50 ohm feeder. What is this antenna called?,Endpoint-fed half-wave dipole,Center-born sea wave dipole,Dipole with blocking circuit,A parasitic antenna
What is fading?,Signal strength variations due to changes in propagation conditions,Strong frequency variations due to changes in the distribution conditions,The modulation frequency changes due to changes in the propagation conditions,The signal periodically changes modulation from AM to FM due to changes in the propagation conditions
Which of the following measuring instruments can be used to examine the HF radiation from a transmitting antenna ??,An absorption meter,A universal instrument with tong ammeter,A swivel spool instrument,A multimeter
Standing wave conditions are measured with:,Reflectorometer bridge,Frequency counter,Dummy load,Diving meter
A VHF FM transmitter - which does not transmit unwanted signals - interferes with a TV receiver on all channels. This may be due to:,The transmitter provides high field strength at the TV receiver (blocking),The transmitter draws too much power from its power supply,The transmitter is too heavily modulated,The transmitter microphone is broken
A transmitter can emit unwanted signals - including harmonic radiation. What can this kind of radiation cause?,That the transmitter interferes with other radio communications,That the output impedance of the transmitter becomes reactive,That the modulation of the transmitter at the desired frequency is greatly distorted,That the transmitter cannot be heard at the desired frequency
A radio amateur with a category B certificate may use the tape,144-146 MHz,144-146 GHz,144-146 kHz,144-146 Hz
What is the name "F" in the phonetic alphabet?,Foxtrot,Finland,Fono,Frequency
How is the unit indicated for electrical voltage?,When using the letter V,When using the letter I,When using the letter S,When using the letter R
A capacitor can store an electric charge. What is this property called?,,That the capacitor has capacity,That the capacitor charge is positive,That the voltage of the capacitor is stable,That the charge of the capacitor is negative
Often the output stage of a transmitter is followed by a pi link. What purpose does this pi-joint serve?,To attenuate the harmonious radiation from the transmitter,To ensure the transmitter a stable standwave ratio,To suppress peak currents from the mains,To attenuate all subharmonic frequencies from the transmitter
What is the current at the endpoints of a center-fed half-wave dipole connected to a 100 W transmitter approx?,0 A,1.14 A,0.71 A,2 A
Which type of antenna has a feed impedance of approx. 73 ohms?,A center-fed half-wave dipole antenna,A center-fed quarter-wave dipole antenna,An end-fed half-wave antenna,The feed impedance cannot be described as an ohmic value
When the prevalence of VHF/UHF extends far beyond the horizon - it is often due to:,That it is high pressure,That it is full moon,That good radios are used,That it is blowing from the northwest
How does the electric field power of a freely distributed radio signal change - when the distance to the transmitting antenna increases?,The electric field strength decreases,The electric field strength takes over the magnetic field,The electric field strength does not change,The electric field strength increases
What is an absorption meter used for?,To measure the frequency of a transmitter output signal,To absorb unwanted signals,To absorb noise in the receiver,To absorb the modulation
A 2 meter amateur FM transmitter degrades the sensitivity of a nearby TV tuner. The problem is greatest - when the transmitting antenna is pointing with the TV receiver's antenna. What could the explanation be?,That the high field strength from the amateur transmitter blocks the input of the TV receiver,That this is intemodulation,That the transmitter is phase modulated (PM),That the TV receiver's antenna is not properly polarized
What is a dummyload used for?,To test a transmitter without radiating power,To increase the output power of the transmitter,To ensure a constant power consumption,To increase the frequency stability of the transmitter
A radio amateur with a category B certificate may use the tape,144-146 MHz,144-146 GHz,144-146 kHz,144-146 Hz
What is fading?,Signal strength variations due to changes in propagation conditions,Strong frequency variations due to changes in the distribution conditions,The modulation frequency changes due to changes in the propagation conditions,The signal periodically changes modulation from AM to FM due to changes in the propagation conditions
What is meant by "number of periods per second" for a periodic alternating voltage?,The frequency,The curve course,The wavelength,Period time
A coaxial circuit has an unloaded Q = 1000 at the frequency 144 MHz. When the circuit is loaded (impedance adjusted), Q drops by half. How big is the loaded bandwidth approx. by the impedance matching?,288 kHz,576 kHz,144 kHz,72 kHz
What type of filter is often used in an SSB modulator?,A crystal filter,A band stop filter,A high-pass filter,A low pass filter
An end-fed half-wave antenna has at its resonant frequency:,A very high impedance,An impedance of 12.5 ohms,A very low impedance,An impedance of 35 ohms
An antenna is in resonance at the frequency to which the transmitter is tuned. What happens to the impedance of the antenna if it is transmitted at a slightly higher frequency?,The impedance of the antenna becomes inductive,Antenna impedance becomes very low,The impedance of the antenna becomes capacitive,The impedance of the antenna is not affected
What is fading?,Signal strength variations due to changes in propagation conditions,Strong frequency variations due to changes in the distribution conditions,The modulation frequency changes due to changes in the propagation conditions,The signal periodically changes modulation from AM to FM due to changes in the propagation conditions
Which of the ionized layers of the ionosphere will be able to reflect signals with a frequency of approx. 14 Mhz?,The F2 team,The D-team,The e-team,The F4 team
Why is there a battery in an analog multimeter?,To be able to measure resistance,To be able to measure AC voltage,To be able to measure DC current,To be able to measure DC voltage
What could be the reason - a multimeter set for DC voltage measurement shows significantly less voltage than the real voltage - when connecting a circuit?,The internal resistance of the multimeter is too small,The internal resistance of the multimeter is not impedance matched to the half external resistance,The internal resistance of the multimeter is too large,The external resistance of the multimeter is too small
The neighbor of a radio amateur hears sounds from the speakers of his stereo system despite the fact that the sound has been turned down completely. What can cause these sounds?,Radiation from the amateur radio transmitter is picked up by the speaker wires,The left and right speaker cords in the stereo system have been switched,The stereo is not equipped with a pilot tone filter,The stereo system uses pressure chamber speakers
Which of the following conditions can cause very severe interference in a music system from an SSB modulated transmitter?,Music system consists of several devices connected by long wires,The music system is EMC-labeled - but not DK-labeled,The transmitter's antenna is located very far from the music system,The music system has a ring core transformer in the power supply
A radio amateur with a category B certificate may use the tape,144-146 MHz,144-146 GHz,144-146 kHz,144-146 Hz
Which of the following call signal series does the National Board of Health and Welfare issue, among other things? call signals in?,OU,DK,AS,ON
What is the maximum current that a voltage source can emit called?,The short-circuit current,Electromotive force of the voltage source,Capacity of the voltage source,Amperetime capacity
The capacity of a capacitor with air insulation depends on?,Both the area of ​​the plates and the plate distance,The voltage across the capacitor,The distance between the plates,Plate area alone
What is the unit of measurement for self-induction?,Henry,Ohm,Gauss,Farad
We need an AC voltage of 18 volts. Will it be possible to connect two identical transformers in series with 110 volt primary windings and 9 volt secondary windings?,If we make sure - that the phase turns right - it is possible,They do not need to be connected in series - but connected in parallel,If the make is not the same - we must give up the idea,It can not be done
What function does the limiter have in a receiver ??,To search for a constant intermediate frequency signal to an FM detector,To limit the carrier level before AM detection,To limit the frequency oscillation before FM detection,To limit the mirror frequency selectivity
What is an M-modulated transmitter's largest frequency output from the center frequency called?,The frequency swing,The modulation frequency,The frequency swing,The sideband frequency
When the prevalence of VHF/UHF extends far beyond the horizon - it is often due to:,That it is high pressure,That it is full moon,That good radios are used,That it is blowing from the northwest
What is the reason - that an amateur transmitter is not allowed to transmit "Hi-Fi sound quality" (with em LF bandwidth of 15 kHz and a frequency swing of 75 kHz) of 145 MHz?,Because the spectral width of the transmitter becomes greater than allowed,Because there will be disturbances on harmonic frequencies,Because an amateur radio station is not allowed to broadcast on 145 MHz,Because 145 MHz is a repeater frequency
A rotating coil instrument with full deflection for 1 mA and internal resistance of 100 ohms must be provided with a parallel resistor to show deflection for 1 A. How large must the parallel resistance be?,0.1 ohm,1 ohm,0.001 ohm,0.01 ohm
What problems can parasite fluctuations in a transmitter cause?,Interference with other radio equipment,That the microphone picks up extraneous sounds,That the characteristic impedance of the antenna cable changes,Oscillations on the outside of the antenna
A transmitter can emit unwanted signals - including harmonic radiation. What can this kind of radiation cause?,That the transmitter is interfering with other radio communications,That the modulation of the transmitter at the desired frequency is greatly distorted,That the output impedance of the transmitter becomes reactive,That the transmitter cannot be heard at the desired frequency
What is the maximum permissible transmission power in the frequency bands of the 69-71 MHz frequency band for category B certificates?,25 W,10 W,100 W,50 W
What is an Amateur Radio Station Intended for?,Exchange of knowledge about radio antennas etc.,Broadcasting of entertainment,Commercial use,Broadcasting propaganda
We measure an AC frequency in the unit hertz (Hz). What is the definition of this device?,The unit is defined as the number of periods per second,The unit is defined as the number of "0-passes" on the time axis,The unit is defined as 2 times in times the period,The unit is defined as the number of periods per. minute
What is meant by the blocking voltage of a diode - which is used as a rectifier in a power supply?,The maximum voltage - to which the diode must be exposed in the blocking direction,The maximum voltage - to which the diode must be exposed in the conduction direction,The rms value for the AC voltage - at which the diode works best,The diode only blocks the current - if the voltage exceeds this value
In a series connection of a coil with self-induction 1 henry and a resistor of 0.1 ohm runs a constant DC voltage of 1 ampere. What is the voltage drop across the series connection?,0.1 volts,0.9 volts,1.0 volts,1.1 volts
A 5 ohm resistor is connected in parallel with a 500 ohm resistor. What is the total resistance of this parallel connection?,Approx. 5 ohms,Approx. 500 ohms,505 ohms,495 ohms
How does a Pi filter work in a transmitter output stage?,It attenuates the harmonic radiance of the transmitter,It emphasizes the harmonious radiance of the transmitter,It ensures a constant standing wave ratio,This ensures that the antenna is always 50 ohms
A non-resonant antenna is very short in relation to the wavelength. What is its reactance?,Capacitive,Inductive,As for a tuned dipole,Pure ohmic
What is fading?,Signal strength variations due to changes in propagation conditions,Strong frequency variations due to changes in the distribution conditions,The modulation frequency changes due to changes in the propagation conditions,The signal periodically changes modulation from AM to FM due to changes in the propagation conditions
Why is it that UHF and VHF connections can sometimes be experienced over long distances at sunrise?,That the sun warms the upper part of the troposphere,That the sun evaporates water from the earth's surface,That the ship distance is abolished,That there is an ionization of the troposphere
How can the peak power (p.e.p.) of a transmitter be measured?,With an oscoloscope and a dummy load,With an HF voltmeter,With an absorption frequency meter,With an FM modulation meter
A 2-meter amateur radio transmitter interferes in the 70-cm band. How can that be?,The 2 meter transmitter emits strong harmonic signals,The 2 meter antenna is incorrectly polarized,It is a thunderstorm,It's high pressure
A 2 meter amateur FM transmitter degrades the sensitivity of a nearby television receiver. The problem is greatest - when the transmitting antenna points towards the antenna of the t-receiver. What could the explanation be?.That the high field strength from the amateur transmitter blocks the input of the TV receiver.That the transmitter is phase modulated (PM).That the TV receiver's antenna is not properly polarized.That this is intermodulation
Which of the following bands is not assigned to the Amateur Radio Service?,21450-24890 kHz,28000-29700 kHz,10100-10150 kHz,135.7-137.8 kHz
A radio amateur with a category B certificate may use the tape,144-146 MHz,144-146 GHz,144-146 kHz,144-146 Hz
What is the approximate wavelength of the amateur radio band 1240-1300 MHz?,Approx. 23 cm,Approx. 9 cm,Approx. 13 cm,Approx. 70 cm
What do we call the number of periods per. second of an AC signal?,The frequency in hertz,Signal repetition time,The sine expression of the signal,Hertzbølgelægden
Which unit does ma measure capacity in?,Farad,Watt,Coulomb,Voltage
A coil with the self-induction L has at the frequency f an alternating current resistor - which we call:,The reactance,The Q value,The resonance,The pure omhske loss
What is the purpose of a Pi filter in a transmitter output?,It removes harmonic frequencies from the transmission signal,To balance the modulation,It increases the range,It improves the modulation
In a series connection of a coil with self-induction 1 henry and a resistor of 0.1 ohm runs a constant DC voltage of 1 ampere. What is the voltage drop across the series connection?,0.1 volts,0.9 volts,1.0 volts,1.1 volts
Which of the following parts is not included in a transmitter?,Squelch,Output amplifier,Multiplier,Lava filter
How long is the dipole in a Yagi-Uda antenna in the band 1240-1300 MHz?,Approx. 12 cm,Approx. 23 cm,Approx., 300 cm,Approx. 9 cm
What is the impedance at the feed point of a midpoint-fed freely suspended half-wave dipole antenna?,Approx. 73 ohm,Approx. 300 ohms,Approx. 33 ohms,Approx. 50 ohms
How does the electric field power of a freely distributed radio signal change - when the distance to the transmitting antenna increases?,The electric field strength decreases,The electric field strength takes over the magnetic field,The electric field strength does not change,The electric field strength increases
What is the function of the mechanical spring in a turning instrument?,To provide counterforce to the force - which causes the coil to rotate,To reset the instrument's magnetic field,To provide an evenly distributed magnetic field for the rotating coil,To act as a vibration damper for strong dials
A transmitter can emit unwanted signals - including harmonic radiation. What can this kind of radiation cause?,That the transmitter is interfering with other radio communications,That the output impedance of the transmitter becomes reactive,That the modulation of the transmitter at the desired frequency is greatly distorted,That the transmitter cannot be heard at the desired frequency
Which of the following conditions can cause very severe interference in a music system from an SSB modulated transmitter?,Music system consists of several devices connected by long wires,The music system is EMC-labeled - but not DK-labeled,The transmitter's antenna is located very far from the music system,The music system has a ring core transformer in the power supply
What is the purpose of the phonetic alphabet?,To achieve a secure recognition of letters,To hear the broadcasts long enough,That radio amateurs can exchange codes,To make communication sound professional
What is an Amateur Radio Station Intended for?,Exchange of knowledge about radio antennas etc.,Commercial use,Broadcasting of entertainment,Broadcasting propaganda
What is a material called - which can not conduct electricity?,An insulator,A plastic,An electrolyte,A semiconductor
A capacitor can store electrical charge. What is this property called?,That the capacitor has capacity,That the capacitor charge is positive,That the charge of the capacitor is negative,That the capacitor voltage is stable
In which of the following circuits is a voltage-dependent capacitance (varicap) diode used?,Voltage controlled oscillator in transmitter,Voltage stabilizer in a power supply,PA trin,Squelch
What is a file called - used to exclude a specific restricted frequency range?,A band stop filter,A high-pass filter,A low pass filter,A bandpass filter
What is the first step in a typical amateur radio receiver called?,HF amplifier,LF amplifier,MF amplifier,BFO
A measurement on a non-resonant antenna shows that the antenna's feed impedance is capacitive. What does it show about the antenna length?,It's too short,The antenna wire is too thick,It's too long,The antenna wire is too thin
When the prevalence of VHF/UHF extends far beyond the horizon - it is often due to:,That it is high pressure,That it is full moon,That good radios are used,That it is blowing from the northwest
Why is it that UHF and VHF connections can sometimes be experienced over long distances at sunrise?,That the sun warms the upper part of the troposphere,That the sun evaporates water from the earth's surface,That the ship distance is abolished,That there is an ionization of the troposphere
Why is there a battery in an analog multimeter?,To be able to measure resistance,To be able to measure AC voltage,To be able to measure DC current,To be able to measure DC voltage
A 2-meter amateur radio transmitter interferes in the 70-cm band. How can that be?,The 2 meter transmitter emits strong harmonic signals,The 2 meter antenna is incorrectly polarized,It is a thunderstorm,It's high pressure
What can strong unwanted signals on a receiver's input cause?,Blockage or decreased sensitivity,Frequency operation in the intermediate frequency amplifier,Parasite oscillations in the oscillator,Reduced mirror frequency attenuation
Which frequency band is this - when talking about the 2 meter amateur radio band - hovr the wavelength is approx. 2 meters?,144-146 MHz,144-146 Hz,144-146 kHz,144-146 GHz
What is the approximate wavelength for frequency bands 144-146 MHz?,2 meters,15 meters,4 meters,80 meters
What is the reason - that we measure less "clamping voltage" than the electromotive force on an ideal battery - which is connected to an external ohmic load?,That the battery has an internal resistance,The measuring instrument measures incorrectly,The battery gets hot,That the electromotive force changes
What is a material called - which can not conduct electricity?,An insulator,A plastic,An electrolyte,A semiconductor
Over a resistor of 500 ohms a voltage of 10 volts is measured. How big is the current - running through the resistor?,0.02 A,0.5 A,0.2 A,0.05 A
What makes a filter - which attenuates a narrow frequency range - but lets other frequencies above and below this frequency range pass?,Band opt filter,Bandpass filter,Allpass filter,Low pass filter
In which function block can FM modulation be introduced in a transmitter?,VFO,PA trin,Triplertrin,Driver step
A non-resonant antenna is very short in relation to the wavelength. What is its reactance?,Capacitive,Pure ohm,As for a tuned dipole,Inductive
At what altitude is the E-layer of the ionosphere?,Approx. 100-115 km,Approx. 60-92 km,Approx. 200-400 km,Approx. 150-200 km
What problems can parasite fluctuations in a transmitter cause?,Interference with other radio equipment,That the characteristic impedance of the antenna cable changes,Oscillations on the outside of the antenna,That the microphone picks up extraneous sounds
A music system is disturbed by a high frequency signal - which is picked up by the speaker wires. How can this be remedied?,High-frequency filters are inserted in the speaker cords close to the music system,The speakers are replaced by horn-type speakers,The treble control of the music system is turned down,The music system is equipped with a mains filter
What is the name "F" in the phonetic alphabet?,Foxtrot,Finland,Fono,Frequency
What does it mean - when we phonetically use the words "Golf" and "India"?,You want to pronounce the letters "G" and "I" clearly,You want to show - that you want international communication,You want to tell - that you want to continue the conversation in English,Refer to a special radiator fan code
How is a battery's electromotive force EMK measured?,The battery voltage must be measured without load,The battery voltage must be measured with an ammeter,The battery voltage must be measured with load,The battery must be brand new
What do we call the number of periods per. second of an AC signal?,The frequency in hertz,Signal repetition time,The sine expression of the signal,Hertzbølgelægden
In which unit do we measure self-induction?,Henry,Siemens,Volts/second,Ohm
What letter do we use for the Farad device?,F,C,H,V
An oscillation circuit tuned to 7 MHz has a goodness of 70. How large is the 43 dB bandwidth of the oscillation circuit?,100 kHz,1 MHz,10 kHz,1 kHz
Which signal is used as input to the squelch circuit in an FM / PM receiver?,The low frequency signal,The AFC signal,The supply voltage to the first stage of the receiver,The FCC signal
What type of filter is often used in an SSB modulator?,A crystal filter,A band stop filter,A high-pass filter,A low pass filter
With what polarization do the radio waves propagate from a freely placed quarter-wave vertical antenna (ground plane - GP)?,Vertical polarization,Cross-polarization,Circular polarization,Horizontal polarization
Which of the ionized layers of the ionosphere will be able to reflect signals with a frequency of approx. 14 Mhz?,The F2 team,The D-team,The e-team,The F4 team
Which of the ionized layers of the ionosphere will be able to reflect signals with a frequency of approx. 14 Mhz?,The F2 team,The D-team,The e-team,The F4 team
How can the peak power (p.e.p.) of a transmitter be measured?,With an oscilloscope and a dummy load,With an HF measuring bridge,With an FM modulation meter,With an absorption meter
What is meant by interference - which is due to radiation of harmonic signals from a transmitter?,Interference - caused by signals on frequencies - there is an integer number of times the fundamental frequency,Interference - caused by signals on the side frequencies during AM modulation,Interference - caused by signals on the side frequencies during FM modulation,Interference - caused by signals - that oscillates harmonically on the microphone signal
Which of the following conditions can cause very severe interference in a music system from an SSB modulated transmitter?,Music system consists of several devices connected by long wires,The music system is EMC-labeled - but not DK-labeled,The transmitter's antenna is located very far from the music system,The music system has a ring core transformer in the power supply
What is the maximum permissible transmission power in the frequency bands of the 69-71 MHz frequency band for category B certificates?,25 W,10 W,100 W,50 W
Which of the following frequency ranges is allocated to the amateur radio service in Denmark?,3500-3800 kHz,3500-4000 kHz,3.6-3.9 MHz,3500-3800 kHz
When there is a voltage drop across a wire - in which current flows - is it due?,Wire resistance,Ohm's Law,The power is too high,The power is too small
Over two series-connected resistors, the same voltage is measured across each of them. What can be said about the two resistors?,They have the same resistance value,They are made of the same material,They are both carbon resistors,They come from the same factory
What causes the voltage drop in a conductor - where a constant current is flowing?,That there is resistance in the leader,That the leader is too long,That the resistance in the leader is negative,That the ladder is rolled up in a spool
How much power is dissipated in a 10 ohm resistor - when the voltage drop across the resistor is 10 volts?,10 W,1 W,100 W,100 mW
An oscillation circuit tuned to 7 MHz has a goodness of 70. How large is the 43 dB bandwidth of the oscillation circuit?,100 kHz,1 MHz,10 kHz,1 kHz
A 5 ohm resistor is connected in parallel with a 500 ohm resistor. What is the total resistance of this parallel connection?,Approx. 5 ohms,Approx. 500 ohms,505 ohms,495 ohms
Which filter should be placed in the output of a transmitter to avoid unwanted radiation of harmonic?,Low pass filter,Band stop filter,High pass filter,Netfilter
An end-fed half-wave antenna has at its resonant frequency:,A very high impedance,An impedance of 12.5 ohms,A very low impedance,An impedance of 35 ohms
A non-resonant antenna is very short in relation to the wavelength. What is its reactance?,Capacitive,Pure ohm,As for a tuned dipole,Inductive
When the prevalence of VHF/UHF extends far beyond the horizon - it is often due to:,That it is high pressure,That it is full moon,That good radios are used,That it is blowing from the northwest
What is an absorption meter used for?,To measure the frequency of a transmitter output signal,o absorb noise in the receiver,To absorb the modulation,To absorb unwanted signals
How is it checked - that a transmitter is working within the permitted frequency bands?,By using a frequency counter,By measuring the peak power (PEP) of the transmitter,The frequency is measured with a dummy load,The frequency is measured with an ohmmeter
A radio amateur near your amateur station is disturbed at 70 cm - when you broadcast on the 2 meter band. What is the most likely cause?,That your transmitter has too much content of 3rd harmonic signals,That your transmitter has poor sideband suppression,A your transmitter emits parasitic oscillations,A your transmitter emits subharmonic signals
The neighbor of a radio amateur hears sounds from the speakers of his stereo system despite the fact that the sound has been turned down completely. What can cause these sounds?,Radiation from the maturing radio transmitter is picked up by the speaker wires,The stereo system uses pressure chamber speakers,The stereo system is not equipped with a pilot tone filter,There are switches on the left and right speaker cords in the stereo system
Which of the following call signal series does the National Board of Health and Welfare issue, among other things? call signals in?,OU,DK,AS,ON
Which of the following frequency ranges is allocated to the amateur radio service in Denmark?,3500-3800 kHz,3500-4000 kHz,3.6-3.9 MHz,3500-3800 kHz
When the current - which runs in a wire - does not change direction - do we call it?,Direct current,Immovable power,Timeless power,Rest current
A 1 watt resistor of 1 ohm can withstand?,A current of 1 ampere,230 volts,A current of 13.8 volts,A current of 1 watt
The capacity of a capacitor with air insulation depends on?,Both the area of ​​the plates and the plate distance,The distance between the plates,The voltage across the capacitor,Plate area alone
A capacitor can store electrical charge. What is this property called?,That the capacitor has capacity,That the capacitor charge is positive,That the charge of the capacitor is negative,That the capacitor voltage is stable
Which feature is particularly important for an SSB receiver?,Good frequency stability,An appropriately loud synthesis noise,Good limiting effect in the intermediate frequency,Powerful intermodulation
What is the current at the endpoints of a center-fed half-wave dipole connected to a 100 W transmitter approx?,0 A,1.14 A,0.71 A,2 A
What is a characteristic of a folded half-wave dipole?,It has a food impedance - which is about four times as high as a center-born half-wave dipole,It can only be used as a food element in a satellite dish,It can only be used for horizontally polarized signals close to the earth's surface,It has greater gain than a center-born half-wave dipole
Which of the ionized layers of the ionosphere will be able to reflect signals with a frequency of approx. 14 Mhz?,The F2 team,The D-team,The e-team,The F4 team
Standing wave conditions are measured with:,Reflectorometer bridge,Frequency counter,Dummy load,Diving meter
What is meant by the term "direct radiation in an apparatus" in a disturbing context?,That the irradiation takes place directly in the device's wiring - print paths etc.,That the device is set directly to the transmission frequency,That the radiation enters via the antenna cable,That the radiation enters via the mains cable
How is radiation from a transmitter in a music system's LF amplifier remedied?,By inserting small capacitors between emitter and bsis on the transistors of the LF amplifier,By inserting an LF transformer into the power cord close to the music system,By inserting a large capacitor over the wires in the socket on the wall,By inserting attenuation resistors in the mains lead to the music system
The literal "blot" spelled using the phonetic alphabet is:,bravo - lima - oscar - tango,bravo - lima - oscar - tibet,bravo - lima - oslo - tango,banko - lima - oslo - tango
What is the purpose of the phonetic alphabet?,To achieve a secure recognition of letters,To hear the broadcasts long enough,That radio amateurs can exchange codes,To make communication sound professional
What is the formula called "voltage current x resistance"?,Ohm's Law,The impedance formula,The derivation formula,Newton's law
A resistor may be provided with color rings. What do the colorings show?,Among other things, the resistance value,Maximum voltage load of the resistor,Manufacturer Code,Maximum power load of the resistor
The capacity of a capacitor with air insulation depends on?,Both the area of ​​the plates and the plate distance,The distance between the plates,The voltage across the capacitor,Plate area alone
A resonant circuit - tuned to 144 MHz - has a self-induction with a loss resistance of approx. 500 mohm - the impedance of the self-induction is approx. 50 ohms at resonance. How big is the circuit's Q-factor - if we disregard losses in capacity?,100,50,10,500
How best to amplify the transmitted signal from a 3 element 2-meter Yagi-Uda antenna in the direction with the greatest radiation?,By mounting several antenna elements on the antenna,By increasing the length of the dipole,By changing the distance to the reflector,By increasing the thickness of the dipole
At what altitude is the E-layer of the ionosphere?,Approx. 100-115 km,Approx. 150-200 km,Approx. 200-400 km,Approx. 60-92 km
Why is there a battery in an analog multimeter?,To be able to measure resistance,To be able to measure AC voltage,To be able to measure DC current,To be able to measure DC voltage
A 2-meter amateur radio transmitter interferes in the 70-cm band. How can that be?,The 2 meter transmitter emits strong harmonic signals,The 2 meter antenna is incorrectly polarized,It is a thunderstorm,It's high pressure
A 145 MHz amateur station disturbs a TV receiver in band IV V (470-862). The interference occurs when irradiating the antenna input of the TV tuner. What type of filter will be able to remedy the disturbances?,A low-pass filter after the transmitter,A high-pass filter after the transmitter,A filter in the TV's power cord,A low-pass filter in the TV's antenna connection
A radio amateur with a category B certificate may use the tape,144-146 MHz,144-146 GHz,144-146 kHz,144-146 Hz
The literal "blot" spelled using the phonetic alphabet is:,bravo - lima - oscar - tango,bravo - lima - oscar - tibet,bravo - lima - oslo - tango,banko - lima - oslo - tango
Which of these materials is most suitable for conducting the current?,Silver,Silicon,Porcelain,Plastic
Which letter is used to denote the device for self-induction?,The letter L,The letter A,The letter Q,The letter H
If we put a number of identical coils in series - which do not interact - will the narrowed reactance remain?,The sum of the reactances of the coils,Same as for one of the coils,The mean value of the coil reactances,The parallel coupling of the coil reactances
What function does a mixer have?,It composes two signals - so that new signals arise at preferably the sum and difference frequencies of the original signals.,It composes two signals - so that new signals appear on the negative frequencies of the two original signals.,It combines two signals - so that new signals appear on the mirror sequences of the original signals.,It composes two signals - so that new signals appear on the exchanged frequencies of the original signals.
What is a characteristic of a folded half-wave dipole?,It has a food impedance - it is about fie times as high as a center-born half-wave dipole,It can only be used for horizontally polarized signals close to the earth's surface,It can only be used as a food element in a satellite dish,It has a larger gain than a center-born half-wave dipole
How big is the circumference of a folded half-wave dipole antenna?,Approx. a wavelength,Approx. two wavelengths,Approx. half a wavelength,Approx. a quarter wavelength
When the prevalence of VHF/UHF extends far beyond the horizon - it is often due to:,That it is high pressure,That it is full moon,That good radios are used,That it is blowing from the northwest
How can the peak power (p.e.p.) of a transmitter be measured?,With an oscoloscope and a dummy load,With an HF voltmeter,With an absorption frequency meter,With an FM modulation meter
What can be measured with a rotary coil instrument?,Only DC current and voltage,AC power and voltage only,Both AC and DC power,Both AC and DC voltage
A 2 meter amateur FM transmitter degrades the sensitivity of a nearby television receiver. The problem is greatest - when the transmitting antenna points towards the antenna of the t-receiver. What could the explanation be?.That the high field strength from the amateur transmitter blocks the input of the TV receiver.That the transmitter is phase modulated (PM).That the TV receiver's antenna is not properly polarized.That this is intermodulation
How can disturbances in a music system be remedied - if the disturbances are due to radiation from a transmitter via the system's speaker wires?,By inserting HF choke coils in series with the speaker cords close to the amplifier,By inserting a high-pass filter into the speaker cords close to the speaker,By inserting a by-pass filter into the speaker cords close to the speaker,By inserting an all-pass filter into the speaker cords close to the speaker
What is an Amateur Radio Station Intended for?,Exchange of knowledge about radio antennas etc.,Broadcasting of entertainment,Broadcasting propaganda,Commercial use
Which frequency band is this - when talking about the 2 meter amateur radio band - hovr the wavelength is approx. 2 meters?,144-146 MHz,144-146 Hz,144-146 kHz,144-146 GHz
A dipole antenna emits radio waves - where the electric field has a specific direction. What property describes the direction of the electric field?,The polarization,The multiplicity,The circulation,The rotation field
What is the purpose of a Pi filter in a transmitter output?,It removes harmonic frequencies from the transmission signal,To balance the modulation,It increases the range,It improves the modulation
What is meant by the term AGC?,Automatic adjustment of the gain,Automatic bandwidth adjustment,Automatic switching between AM and FM,Automatic frequency control
Buffer steps are used not only as isolation steps after a VFO - but also elsewhere in the chain of steps in a transmission circuit.,To avoid repercussions,To adjust to 50 ohms,To amplify the effect of small signals as much as possible,To avoid self-oscillations and pair oscillations
How long is the dipole in a Yagi-Uda antenna in the band 1240-1300 MHz?,Approx. 12 cm,Approx. 23 cm,Approx., 300 cm,Approx. 9 cm
What is fading?,Signal strength variations due to changes in propagation conditions,Strong frequency variations due to changes in the distribution conditions,The modulation frequency changes due to changes in the propagation conditions,The signal periodically changes modulation from AM to FM due to changes in the propagation conditions
Why is it that UHF and VHF connections can sometimes be experienced over long distances at sunrise?,That the sun warms the upper part of the troposphere,That the sun evaporates water from the earth's surface,That the ship distance is abolished,That there is an ionization of the troposphere
What can be measured with a rotary coil instrument?,Only DC current and voltage,AC power and voltage only,Both AC and DC power,Both AC and DC voltage
How is it checked - that the transmitter is working within the permitted frequency bands?,By using a frequency counter,The frequency is measured with an ohmmeter,By measuring the peak power of the transmitter (p.e.p.),The frequency is measured with a stupid load
For what purpose is a dummy load used?,To load the transmitter during testing instead of an antenna,To prevent standing waves on the antenna cable,To avoid overmodulation,In order not to overload the transmitter's power supply
What can strong unwanted signals on a receiver's input cause?,Blockage or decreased sensitivity,Reduced mirror frequency attenuation,Parasite oscillations in the oscillator,Frequency operation in the intermediate frequency amplifier
What is an amateur radio station intended for?,Exchange of knowledge about radio antennas etc.,Broadcasting of entertainment,Commercial use,Broadcasting propaganda
What frequency band is this - when talking about the 70 centimeter amateur radio band - where the wavelength is approx. 69 centimeters?,432-438 MHz,432-438 Hz,432-438 GHz,432-438 kHz
What letter do we use to denote electric current?,A,C,F,V
If the current through a resistor is doubled at the same time as the value of the resistor is doubled - will the voltage drop be?,4 times as big,The same,Twice as big,1/2 time as large
In which unit do we measure self-induction?,Henry,Volts/second,Ohm,Siemens
Where in a transmitter will we often find a crystal filter applied ??,In an SSB modulator,As a filter in the power supply,As a filter in the ALC circuit,In the PMM modulation modulator
What is fading?,Signal strength variations due to changes in propagation conditions,Strong frequency variations due to changes in the distribution conditions,The modulation frequency changes due to changes in the propagation conditions,The signal periodically changes modulation from AM to FM due to changes in the propagation conditions
Why is it that UHF and VHF connections can sometimes be experienced over long distances at sunrise?,That the sun warms the upper part of the troposphere,That the sun evaporates water from the earth's surface,That the ship distance is abolished,That there is an ionization of the troposphere
How can the peak power (p.e.p.) of a transmitter be measured?,With an oscoloscope and a dummy load,With an HF voltmeter,With an absorption frequency meter,With an FM modulation meter
What measurements is a reflectometer bridge (SWR meter) used for?,Measurement of standing wave conditions on the antenna supply line,Measuring the linearity of a transmitter,Examination of the harmonic frequencies of the transmitter,Measurement of the frequency range of an FM transmitter
A 2 meter amateur FM transmitter degrades the sensitivity of a nearby television receiver. The problem is greatest - when the transmitting antenna points towards the antenna of the t-receiver. What could the explanation be?.That the high field strength from the amateur transmitter blocks the input of the TV receiver.That the transmitter is phase modulated (PM).That the TV receiver's antenna is not properly polarized.That this is intermodulation
A transmitter can emit unwanted signals - including harmonic radiation. What can this kind of radiation cause?,That the transmitter is interfering with other radio communications,That the transmitter cannot be heard at the desired frequency,That the output impedance of the transmitter becomes reactive,That the modulation of the transmitter at the desired frequency is greatly distorted
What is the reason - that an amateur transmitter is not allowed to transmit "Hi-Fi sound quality" (with em LF bandwidth of 15 kHz and a frequency swing of 75 kHz) of 145 MHz?,Because the spectral width of the transmitter becomes greater than allowed,Because there will be disturbances on harmonic frequencies,Because an amateur radio station is not allowed to broadcast on 145 MHz,Because 145 MHz is a repeater frequency
What is the name "F" in the phonetic alphabet?,Foxtrot,Finland,Fono,Frequency
How is a battery's electromotive force EMK measured?,The battery voltage must be measured without load,The battery voltage must be measured with an ammeter,The battery voltage must be measured with load,The battery must be brand new
We have a 12 V power supply - but need a stable voltage of approx. 5 V The load can vary - but is only a few mA. Which semiconductor component would be natural to use?,And zener diode,a capacitance diode (viricap),2 or 3 LEDs connected in series,A diode voltage divider
In a series connection of a coil with self-induction 1 henry and a resistor of 0.1 ohm runs a constant DC voltage of 1 ampere. What is the voltage drop across the series connection?,0.1 volts,0.9 volts,1.0 volts,1.1 volts
What is the impedance at the feed point of a midpoint-fed freely suspended half-wave dipole antenna?,Approx. 73 ohm,Approx. 300 ohms,Approx. 33 ohms,Approx. 50 ohms
When the prevalence of VHF/UHF extends far beyond the horizon - it is often due to:,That it is high pressure,That it is full moon,That good radios are used,That it is blowing from the northwest
Why is it that UHF and VHF connections can sometimes be experienced over long distances at sunrise?,That the sun warms the upper part of the troposphere,That the sun evaporates water from the earth's surface,That the ship distance is abolished,That there is an ionization of the troposphere
What could be the reason - a multimeter set for DC voltage measurement shows significantly less voltage than the real voltage - when connecting a circuit?,The internal resistance of the multimeter is too small,The internal resistance of the multimeter is not impedance matched to the half external resistance,The internal resistance of the multimeter is too large,The external resistance of the multimeter is too small
How is it checked - that the transmitter is working within the permitted frequency bands?,By using a frequency counter,The frequency is measured with an ohmmeter,By measuring the peak power of the transmitter (p.e.p.),The frequency is measured with a stupid load
What can be the cause of parasite oscillations (self-oscillations at frequencies other than the transmission frequency) in the output stage of a transmitter?,That there is an unwanted connection between input and output in the output stage of the transmitter,That the transmitter's output stage ground wire is inefficient or missing,That the transmitter's output stage is not built in a shielding plastic cabinet,That the LF amplifier is affected by the high frequency signal from the transmitter output stage
The neighbor of a radio amateur hears sounds from the speakers of his stereo system despite the fact that the sound has been turned down completely. What can cause these sounds?,Radiation from the maturing radio transmitter is picked up by the speaker wires,The stereo system uses pressure chamber speakers,The stereo system is not equipped with a pilot tone filter,There are switches on the left and right speaker cords in the stereo system
What is the purpose of the phonetic alphabet?,To achieve a secure recognition of letters,To hear the broadcasts long enough,That radio amateurs can exchange codes,To make communication sound professional
Which frequency band is this - when talking about the 2 meter amateur radio band - hovr the wavelength is approx. 2 meters?,144-146 MHz,144-146 Hz,144-146 kHz,144-146 GHz
A battery has an electromotive force (EMK) of 3 volts and an internal resistance of 1 ohm. How much power will there be - if the battery is short-circuited?,3 A,10 A,1/3 A,1 A
What are the substances called - which on the one hand conduct electricity poorly - but on the other hand can not be described as insulators?,Semiconductors,Resistance materials,Wiring materials,Electrolytes
Why is a material such as mica - paper - plastic or ceramic often used as insulation between the capacitor charges in a capacitor?,To increase the capacity of the capacitor,To reduce the ionization voltage of the capacitor,To reverse the polarity of the capacitor,to increase the capacity of the capacitor
A coil has a self-induction of 100 mH. How big is its reactance X at a frequency of 1000 Hz?,Approx. 628 ohms,Approx. 1 ohm,Approx. 159 ohms,Approx. 200 ohms
What is a receiver called - in which both a 1st and a 2nd intermediate frequency are used?,A dual superheterodyne receiver,A double right recipient,A double homodyne receiver,A mixture receiver
Which type of antenna has a feed impedance of approx. 36 ohms?,A quarter-wave vertical ground plane (GP) antenna,A center-born half-wave dipole,A folded half-wave dipole,An endpoint-fed half-wave antenna
Which of the following conditions can contribute to long-range propagation over the horizon on VHF/UHF?,That it is high pressure,That it is bright nights,That there is a full moon,That dt has been raining for a long time
How does the electric field power of a freely distributed radio signal change - when the distance to the transmitting antenna increases?,The electric field strength decreases,The electric field strength takes over the magnetic field,The electric field strength does not change,The electric field strength increases
A VHF FM transmitter - which does not transmit unwanted signals - interferes with a TV receiver on all channels. This may be due to:,The transmitter provides high field strength at the TV receiver (blocking),The transmitter draws too much power from its power supply,The transmitter is too heavily modulated,The transmitter microphone is broken
A radio amateur near your amateur station is disturbed at 70 cm - when you broadcast on the 2 meter band. What is the most likely cause?,That your transmitter has too much content of 3rd harmonic signals,That your transmitter has poor sideband suppression,A your transmitter emits parasitic oscillations,A your transmitter emits subharmonic signals
Which of the following call signal series does the National Board of Health and Welfare issue, among other things? call signals in?,OU,DK,AS,ON
Which frequency band is this - when talking about the 70 cm amateur radio band - where the wavelength is approx. 69 centimeters?,432-438 MHz,432-438 kHz,432-438 Hz,432-438 GHz
What is the approximate wavelength of the amateur radio band 1240-1300 MHz?,Approx. 23 cm,Approx. 9 cm,Approx. 13 cm,Approx. 70 cm
An FM transmitter emits an average output power of 10 watts - when it transmits. What is the peak power (p.e.p.) of the transmitter?,10 watts,40 watts,20 watts,Approx. 14 watts
In which of the following circuits is a voltage-dependent (varicap) diode used?,Voltage controlled oscillator in a transmitter,PA trin,Squelsch,Voltage stabilizer in a power supply
A coaxial circuit has an unloaded Q = 1000 at the frequency 144 MHz. When the circuit is loaded (impedance adjusted), Q drops by half. How big is the loaded bandwidth approx. by the impedance matching?,288 kHz,576 kHz,144 kHz,72 kHz
2 capacitors of 5 uF and 15 uF, respectively, are connected in parallel. What is the total capacity of this parallel connection?,20 uF,10 uF,3.75 uF,75 uF
How many intermediate frequencies are there in a dual-superheterodyne receiver?,2,4,1,0
A signal from a transmitter on the frequency 28.2 MHz is desired to be mixed with a signal on a fixed frequency - so that the output stage becomes 144.2 MHz. What frequency should the signal on the fixed frequency have?,116.0 MHz,100.0 MHz,146.0 MHz,96.0 MHz
How big is the circumference of a folded half-wave dipole antenna?,Approx. a wavelength,Approx. two wavelengths,Approx. half a wavelength,Approx. a quarter wavelength
At what height above the earth is the E-layer of the atmosphere?,Approx. 100-115 km,Approx. 60-92 km,Approx. 200-400 km,Approx. 150-200 km
Which of the ionized layers of the ionosphere will be able to reflect signals with a frequency of approx. 14 Mhz?,The F2 team,The D-team,The e-team,The F4 team
Standing wave conditions are measured with:,Reflectorometer bridge,Dummy load,Frequency counter,Diving meter
A 145 MHz amateur station disturbs a TV receiver in band IV V (470-862). The interference occurs when irradiating the antenna input of the TV tuner. What type of filter will be able to remedy the disturbances?,A low-pass filter after the transmitter,A high-pass filter after the transmitter,A filter in the TV's power cord,A low-pass filter in the TV's antenna connection
Why insert a low-pass filter between the transmitter's antenna connection and the antenna system?,To attenuate harmonic signals,To avoid blockage,To achieve the best possible antenna fit,To attenuate the transmitter sideband
What is the maximum permissible transmission power in the frequency bands of the 69-71 MHz frequency band for category B certificates?,25 W,10 W,100 W,50 W
What is the reason - that an amateur transmitter is not allowed to transmit "Hi-Fi sound quality" (with em LF bandwidth of 15 kHz and a frequency swing of 75 kHz) of 145 MHz?,Because the spectral width of the transmitter becomes greater than allowed,Because there will be disturbances on harmonic frequencies,Because an amateur radio station is not allowed to broadcast on 145 MHz,Because 145 MHz is a repeater frequency
We have a 12 V power supply - but need a stable voltage of approx. 5 V The load can vary - but is only a few mA. Which semiconductor component would be natural to use?,And zener diode,a capacitance diode (viricap),2 or 3 LEDs connected in series,A diode voltage divider
What letter do we use for the Farad device?,F,C,H,V
Why is crystal control used in an oscillator?,To achieve high frequency stability,To be able to vary the frequency of the oscillator over a large frequency range,To achieve a stable power consumption,To ensure a low goodness in the oscillating circuit
What is the first step in an amateur radio receiver called?,HF amplifier,MF amplifier,BFO,LF amplifier
How can frequency modulation (FM) be generated in a transmitter?,By letting the modulation signal control the frequency of a voltage controlled oscillator,By letting the modulation signal control the output matching of the output amplifier,By letting the modulation signal control the coupling of a buffer stage,By letting the modulation signal control the efficiency of a triplet stage
How best to amplify the transmitted signal from a 3 element 2-meter Yagi-Uda antenna in the direction with the greatest radiation?,By mounting several antenna elements on the antenna,By increasing the length of the dipole,By changing the distance to the reflector,By increasing the thickness of the dipole
When the prevalence of VHF/UHF extends far beyond the horizon - it is often due to:,That it is high pressure,That it is full moon,That good radios are used,That it is blowing from the northwest
A radio amateur near your amateur station is disturbed at 70 cm - when you broadcast on the 2 meter band. What is the most likely cause?,That your transmitter has too much content of 3rd harmonic signals,That your transmitter has poor sideband suppression,A your transmitter emits parasitic oscillations,A your transmitter emits subharmonic signals
A transmitter can emit unwanted signals - including harmonic radiation. What can this kind of radiation cause?,That the transmitter is interfering with other radio communications,That the modulation of the transmitter at the desired frequency is greatly distorted,That the transmitter cannot be heard at the desired frequency,That the output impedance of the transmitter becomes reactive
Which of the following bands is not assigned to the Amateur Radio Service?,21450-24890 kHz,28000-29700 kHz,10100-10150 kHz,135.7-137.8 kHz
What is the maximum permissible transmission power in the frequency bands of the 69-71 MHz frequency band for category B certificates?,25 W,10 W,100 W,50 W